code,totalpop,malepop,femalepop
00000,123049524,59778826,63270698
01000,4985419,2355629,2629790
01100,1964034,914867,1049167
01101,255882,116592,139290
01102,285798,135387,150411
01103,261249,124247,137002
01104,210753,99579,111174
01105,230960,106835,124125
01106,132525,61143,71382
01107,217774,100211,117563
01108,122003,55070,66933
01109,139146,65052,74094
01110,107944,50751,57193
01202,230498,104553,125945
01203,100404,45265,55139
01204,305701,140451,165250
01205,74019,36408,37611
01206,151326,70765,80561
01207,160764,76654,84110
01208,108287,51918,56369
01209,5618,2634,2984
01210,73004,33971,39033
01211,32770,16354,16416
01212,17360,8443,8917
01213,164420,81145,83275
01214,30068,14942,15126
01215,17668,8370,9298
01216,10605,4930,5675
01217,119568,56798,62770
01218,8268,3750,4518
01219,19463,9077,10386
01220,15785,7513,8272
01221,24398,11857,12541
01222,6907,3217,3690
01223,21201,10050,11151
01224,98177,50072,48105
01225,35845,16968,18877
01226,14998,6943,8055
01227,2451,1168,1283
01228,17720,8167,9553
01229,19321,9100,10221
01230,41991,19941,22050
01231,70918,34449,36469
01233,30108,13816,16292
01234,55838,26533,29305
01235,55771,26777,28994
01236,40601,18980,21621
01303,14949,7272,7677
01304,2734,1341,1393
01331,5263,2420,2843
01332,3184,1487,1697
01333,3654,1810,1844
01334,3258,1510,1748
01337,26966,12532,14434
01343,3347,1579,1768
01345,12852,5938,6914
01346,14813,7495,7318
01347,5310,2939,2371
01361,6259,2994,3265
01362,3658,1676,1982
01363,3099,1487,1612
01364,2937,1345,1592
01367,2049,1087,962
01370,4393,2139,2254
01371,6371,3002,3369
01391,1170,590,580
01392,2496,1233,1263
01393,2643,1374,1269
01394,4346,2114,2232
01395,5370,2771,2599
01396,1965,1031,934
01397,1877,969,908
01398,2008,1064,944
01399,2809,1382,1427
01400,14763,7967,6796
01401,5989,3463,2526
01402,10365,5054,5311
01403,1490,803,687
01404,803,389,414
01405,1498,711,787
01406,2399,1146,1253
01407,3188,1559,1629
01408,16486,7666,8820
01409,1067,574,493
01423,7890,3787,4103
01424,4543,2137,2406
01425,2327,1093,1234
01427,4349,2062,2287
01428,9479,4500,4979
01429,10405,4828,5577
01430,2993,1706,1287
01431,1533,747,786
01432,6114,2828,3286
01433,2291,1097,1194
01434,2116,985,1131
01436,2147,1031,1116
01437,1531,737,794
01438,2654,1292,1362
01452,6173,2928,3245
01453,9588,4469,5119
01454,5826,2688,3138
01455,3261,1560,1701
01456,2288,1089,1199
01457,3170,1521,1649
01458,8726,4055,4671
01459,9337,4335,5002
01460,9150,4643,4507
01461,4285,2008,2277
01462,2195,1137,1058
01463,1487,777,710
01464,2669,1268,1401
01465,2640,1298,1342
01468,2744,1330,1414
01469,3635,1783,1852
01470,599,321,278
01471,1230,650,580
01472,1201,605,596
01481,3343,1521,1822
01482,2562,1244,1318
01483,2560,1261,1299
01484,5642,2762,2880
01485,946,472,474
01486,2163,1065,1098
01487,2535,1327,1208
01511,2506,1213,1293
01512,3039,1468,1571
01513,1415,709,706
01514,7025,3377,3648
01516,3431,1782,1649
01517,2179,1136,1043
01518,1768,888,880
01519,2140,1033,1107
01520,2012,1083,929
01543,16707,8156,8551
01544,3774,1882,1892
01545,10717,5309,5408
01546,3571,1758,1813
01547,4195,2022,2173
01549,4245,2044,2201
01550,2469,1150,1319
01552,4339,1993,2346
01555,17047,8276,8771
01559,7538,3621,3917
01560,2097,1029,1068
01561,3356,1677,1679
01562,914,463,451
01563,3861,1853,2008
01564,6183,3026,3157
01571,3409,1614,1795
01575,2349,1138,1211
01578,14582,6945,7637
01581,4159,2154,2005
01584,7826,3575,4251
01585,6955,3439,3516
01586,7154,3600,3554
01601,10298,5368,4930
01602,4332,2144,2188
01604,4759,2379,2380
01607,11120,5702,5418
01608,3665,1782,1883
01609,3738,1886,1852
01610,19573,9620,9953
01631,41997,19831,22166
01632,5385,2662,2723
01633,4472,2211,2261
01634,4861,2375,2486
01635,5224,2620,2604
01636,8368,4164,4204
01637,17242,8195,9047
01638,3804,1869,1935
01639,3001,1485,1516
01641,5127,2621,2506
01642,5506,2669,2837
01643,24195,11368,12827
01644,5592,2654,2938
01645,2704,1324,1380
01646,5695,2791,2904
01647,5613,2777,2836
01648,1988,1003,985
01649,3855,1882,1973
01661,17782,8392,9390
01662,7861,3752,4109
01663,5144,2538,2606
01664,6517,3225,3292
01665,6247,3009,3238
01667,2400,1189,1211
01668,6615,3114,3501
01691,13323,6838,6485
01692,21785,10811,10974
01693,4612,2230,2382
01694,4027,2030,1997
02000,1140395,539425,600970
02201,256180,119994,136186
02202,155952,71586,84366
02203,205136,97893,107243
02204,28896,13417,15479
02205,47493,21512,25981
02206,56775,26958,29817
02207,37121,18943,18178
02208,49699,24189,25510
02209,27069,12522,14547
02210,28776,13394,15382
02301,9129,4329,4800
02303,1890,883,1007
02304,2253,1078,1175
02307,4512,2135,2377
02321,7743,3574,4169
02323,6263,2926,3337
02343,1121,520,601
02361,14117,6587,7530
02362,7609,3459,4150
02367,6851,3229,3622
02381,11531,5253,6278
02384,10763,4950,5813
02387,8177,3727,4450
02401,11197,5291,5906
02402,13114,6265,6849
02405,9970,4913,5057
02406,3817,1897,1920
02408,14888,7124,7764
02411,10603,6405,4198
02412,23688,11379,12309
02423,4091,2053,2038
02424,5195,2799,2396
02425,1380,659,721
02426,1465,745,720
02441,8000,3777,4223
02442,14335,6867,7468
02443,4347,2084,2263
02445,15184,7135,8049
02446,12216,6067,6149
02450,1849,907,942
03000,1125502,543567,581935
03201,278636,131895,146741
03202,44277,21301,22976
03203,30606,14596,16010
03205,87272,41740,45532
03206,90861,46436,44425
03207,29645,14209,15436
03208,22653,10924,11729
03209,101916,49716,52200
03210,16418,7815,8603
03211,28012,13442,14570
03213,22999,10856,12143
03214,22058,10570,11488
03215,103899,50587,53312
03216,53740,26181,27559
03301,14274,6842,7432
03302,4880,2377,2503
03303,10662,5262,5400
03321,31470,15110,16360
03322,27004,12942,14062
03366,4354,2059,2295
03381,15129,7905,7224
03402,6426,3091,3335
03441,4337,2134,2203
03461,9870,4660,5210
03482,12689,6165,6524
03483,7429,3670,3759
03484,2680,1320,1360
03485,2132,1048,1084
03501,7414,3598,3816
03503,3613,1714,1899
03506,4717,2241,2476
03507,13415,6309,7106
03524,10015,4852,5163
04000,2227240,1083435,1143805
04100,1096951,529740,567211
04101,316317,152822,163495
04102,194225,94348,99877
04103,142988,70241,72747
04104,238052,114061,123991
04105,205369,98268,107101
04202,128827,62308,66519
04203,49765,23694,26071
04205,54125,26058,28067
04206,29477,14388,15089
04207,78737,38491,40246
04208,25448,12603,12845
04209,61280,30457,30823
04211,42283,20801,21482
04212,69264,33826,35438
04213,58190,28253,29937
04214,37146,18079,19067
04215,118567,58339,60228
04216,51729,25160,26569
04301,10010,4884,5126
04302,1138,559,579
04321,22927,11284,11643
04322,9527,4764,4763
04323,36755,18525,18230
04324,7499,3717,3782
04341,11011,5515,5496
04361,31972,15692,16280
04362,11207,5524,5683
04401,12305,5943,6362
04404,16791,8276,8515
04406,34830,16935,17895
04421,28275,14685,13590
04422,7147,3555,3592
04424,5426,2721,2705
04444,5985,2899,3086
04445,19902,9847,10055
04501,13821,6793,7028
04505,22162,10785,11377
04581,5916,3047,2869
04606,10845,5288,5557
05000,882100,417188,464912
05201,293588,138328,155260
05202,45494,21082,24412
05203,77559,36780,40779
05204,63256,29868,33388
05206,21600,10227,11373
05207,37448,18057,19391
05209,25640,12175,13465
05210,69212,33782,35430
05211,30257,14265,15992
05212,71092,33100,37992
05213,26459,12496,13963
05214,21181,10281,10900
05215,21666,9987,11679
05303,4213,1980,2233
05327,1705,836,869
05346,2525,1214,1311
05348,13140,6043,7097
05349,5635,2647,2988
05361,7255,3415,3840
05363,4954,2243,2711
05366,4013,1869,2144
05368,2825,1388,1437
05434,16810,7934,8876
05463,12280,5955,6325
05464,2293,1236,1057
06000,993127,482096,511031
06201,235685,113187,122498
06202,76114,37835,38279
06203,113149,54625,58524
06204,92122,44347,47775
06205,31653,15180,16473
06206,38176,18578,19598
06207,26753,12825,13928
06208,20212,9904,10308
06209,24580,12120,12460
06210,59773,29076,30697
06211,47405,23409,23996
06212,12796,6301,6495
06213,28066,13505,14561
06301,12888,6261,6627
06302,10017,4913,5104
06321,16192,7867,8325
06322,4251,2069,2182
06323,5453,2717,2736
06324,6695,3352,3343
06341,5563,2771,2792
06361,4408,2165,2243
06362,6984,3413,3571
06363,4480,2188,2292
06364,6135,2942,3193
06365,2572,1264,1308
06366,3417,1664,1753
06367,3554,1684,1870
06381,20417,10047,10370
06382,12953,6348,6605
06401,6138,3128,3010
06402,11630,5753,5877
06403,5871,2883,2988
06426,7147,3488,3659
06428,18356,8802,9554
06461,11522,5485,6037
07000,1711937,841458,870479
07201,265803,129062,136741
07202,109015,52325,56690
07203,313125,154281,158844
07204,306495,149510,156985
07205,55388,27650,27738
07207,71122,34862,36260
07208,41739,20108,21631
07209,31883,16008,15875
07210,49291,24221,25070
07211,31836,15795,16041
07212,54128,27190,26938
07213,54134,26372,27762
07214,29641,14591,15050
07301,10705,5204,5501
07303,7706,3679,4027
07308,10847,5365,5482
07322,8942,4430,4512
07342,12017,5909,6108
07344,4823,2426,2397
07362,4464,2220,2244
07364,475,240,235
07367,3467,1734,1733
07368,12603,6235,6368
07402,2184,1103,1081
07405,5063,2486,2577
07407,3033,1490,1543
07408,11964,5863,6101
07421,13578,6571,7007
07422,2834,1365,1469
07423,2611,1309,1302
07444,1217,617,600
07445,1634,802,832
07446,1067,526,541
07447,17292,8309,8983
07461,20859,10640,10219
07464,5825,2893,2932
07465,4504,2214,2290
07466,16468,8132,8336
07481,11981,5911,6070
07482,4741,2319,2422
07483,7416,3657,3759
07484,2628,1335,1293
07501,13253,6680,6573
07502,5702,2839,2863
07503,5201,2611,2590
07504,5423,2710,2713
07505,4144,2067,2077
07521,15818,7807,8011
07522,8334,4136,4198
07541,4783,2783,2000
07542,4543,2703,1840
07543,2890,1871,1019
07544,1705,853,852
07545,1534,1144,390
07546,211,136,75
07547,2573,1505,1068
07548,419,235,184
07561,7483,3726,3757
07564,1373,693,680
08000,2791207,1396150,1395057
08201,265773,130296,135477
08202,158763,79105,79658
08203,141588,70824,70764
08204,136308,68456,67852
08205,67416,33419,33997
08207,48173,24307,23866
08208,73931,36485,37446
08210,40785,20674,20111
08211,57983,29203,28780
08212,43813,21437,22376
08214,25028,12457,12571
08215,38436,19192,19244
08216,71510,35252,36258
08217,103461,50610,52851
08219,82524,40515,42009
08220,268991,136158,132833
08221,151721,76955,74766
08222,63997,32637,31360
08223,25141,12502,12639
08224,70192,34850,35342
08225,35735,17755,17980
08226,51531,25072,26459
08227,94838,47063,47775
08228,51344,26636,24708
08229,35390,17800,17590
08230,38413,19491,18922
08231,35207,17479,17728
08232,93286,48126,45160
08233,29217,14718,14499
08234,43386,22308,21078
08235,52070,26132,25938
08236,46754,23336,23418
08302,29438,14580,14858
08309,14456,7131,7325
08310,16363,8081,8282
08341,37806,19263,18543
08364,13706,6782,6924
08442,13542,6953,6589
08443,49689,24782,24907
08447,7156,3519,3637
08521,20050,10520,9530
08542,7502,3834,3668
08546,23926,12162,11764
08564,14868,7293,7575
09000,1864833,931188,933645
09201,511733,256130,255603
09202,135879,67159,68720
09203,148312,73851,74461
09204,109814,54400,55414
09205,89360,44355,45005
09206,71674,34788,36886
09208,165528,83656,81872
09209,75822,38365,37457
09210,68438,33675,34763
09211,28877,14419,14458
09213,112562,55869,56693
09214,44192,22827,21365
09215,22164,11020,11144
09216,58995,29080,29915
09301,29749,15310,14439
09342,20124,9996,10128
09343,10531,5237,5294
09344,10517,5327,5190
09345,14809,7563,7246
09361,38047,18705,19342
09364,24534,12188,12346
09384,9111,4568,4543
09386,28480,14976,13504
09407,22211,10985,11226
09411,13370,6739,6631
10000,1867582,922992,944590
10201,324554,158432,166122
10202,363801,177872,185929
10203,97223,46900,50323
10204,208263,104175,104088
10205,219439,112177,107262
10206,41287,20126,21161
10207,72835,36394,36441
10208,70325,34244,36081
10209,59385,28850,30535
10210,43789,21564,22225
10211,50704,24883,25821
10212,48198,23366,24832
10344,14074,7164,6910
10345,22900,11235,11665
10366,972,488,484
10367,1298,624,674
10382,5460,2682,2778
10383,1273,604,669
10384,11798,5844,5954
10421,13889,6738,7151
10424,4844,2431,2413
10425,8188,4223,3965
10426,5748,2935,2813
10428,3097,1532,1565
10429,11256,5554,5702
10443,3554,1783,1771
10444,3137,1433,1704
10448,6687,3374,3313
10449,15747,7726,8021
10464,34836,17094,17742
10521,12677,6371,6306
10522,10310,5122,5188
10523,10336,5208,5128
10524,41430,21699,19731
10525,24268,12145,12123
11000,7287169,3607158,3680011
11100,1345016,660268,684748
11101,94098,45648,48450
11102,147468,71590,75878
11103,125310,62067,63243
11104,166998,81489,85509
11105,103816,51049,52767
11106,98914,49620,49294
11107,169458,81874,87584
11108,196111,97157,98954
11109,132329,65087,67242
11110,110514,54687,55827
11201,354793,175930,178863
11202,188262,94022,94240
11203,592007,297478,294529
11206,76179,37472,38707
11207,54646,26657,27989
11208,342575,167331,175244
11209,77669,38856,38813
11210,109633,55062,54571
11211,76392,38162,38230
11212,91615,45944,45671
11214,222817,109202,113615
11215,142751,70518,72233
11216,52238,26035,26203
11217,115548,56842,58706
11218,138493,68818,69675
11219,224800,110332,114468
11221,251122,125937,125185
11222,341602,167214,174388
11223,75510,38193,37317
11224,139164,68966,70198
11225,140180,68682,71498
11227,147109,73932,73177
11228,75032,36761,38271
11229,83636,42868,40768
11230,164698,81142,83556
11231,73010,35783,37227
11232,147159,72701,74458
11233,64222,31371,32851
11234,93386,47742,45644
11235,112824,55056,57768
11237,140579,70444,70135
11238,60443,29736,30707
11239,99389,49373,50016
11240,47634,23682,23952
11241,70693,34952,35741
11242,53431,26356,27075
11243,71328,35277,36051
11245,112433,55114,57319
11246,51485,25278,26207
11301,44450,22277,22173
11324,37481,18258,19223
11326,33221,16469,16752
11327,10231,5032,5199
11341,19908,10127,9781
11342,17346,8622,8724
11343,26273,13082,13191
11346,17882,9051,8831
11347,16840,8503,8337
11348,12649,6094,6555
11349,9806,4947,4859
11361,7227,3555,3672
11362,8430,4165,4265
11363,6101,2968,3133
11365,9431,4656,4775
11369,2293,1131,1162
11381,10317,5176,5141
11383,12488,6321,6167
11385,29618,14650,14968
11408,30680,15194,15486
11442,33535,16780,16755
11464,42582,21123,21459
11465,26877,13488,13389
12000,6258512,3094053,3164459
12100,994970,490242,504728
12101,226620,113797,112823
12102,177681,86969,90712
12103,160643,79858,80785
12104,145445,72442,73003
12105,128248,62555,65693
12106,156333,74621,81712
12202,51426,25015,26411
12203,494207,247663,246544
12204,650635,321442,329193
12205,41127,19757,21370
12206,137149,68821,68328
12207,496714,244970,251744
12208,151086,75310,75776
12210,83577,41168,42409
12211,133797,66410,67387
12212,163859,79565,84294
12213,56546,28397,28149
12215,59657,29458,30199
12216,176000,87138,88862
12217,435373,213557,221816
12218,15126,7831,7295
12219,259611,133077,126534
12220,215130,105388,109742
12221,205052,100307,104745
12222,131157,63810,67347
12223,29008,13720,15288
12224,109118,52937,56181
12225,77409,39370,38039
12226,38730,19647,19083
12227,172764,83310,89454
12228,94253,46714,47539
12229,65125,32832,32293
12230,64576,32670,31906
12231,110400,54430,55970
12232,60950,30103,30847
12233,49729,25398,24331
12234,31895,15199,16696
12235,31137,15315,15822
12236,66100,32614,33486
12237,45034,22633,22401
12238,32441,15727,16714
12239,46410,22761,23649
12322,20566,10144,10422
12329,19010,9310,9700
12342,5276,2639,2637
12347,12469,6328,6141
12349,11892,5980,5912
12403,12934,6392,6542
12409,6107,3046,3061
12410,19836,9665,10171
12421,11758,5785,5973
12422,6300,3007,3293
12423,12532,6199,6333
12424,9478,4697,4781
12426,6023,2984,3039
12427,6704,3330,3374
12441,7799,3794,4005
12443,6346,3048,3298
12463,6204,2999,3205
13000,14246219,6971785,7274434
13100,9953160,4867138,5086022
13101,66199,33096,33103
13102,181918,87077,94841
13103,272662,128925,143737
13104,361634,181433,180201
13105,250030,119943,130087
13106,228390,116409,111981
13107,285203,140042,145161
13108,553358,269746,283612
13109,426403,210317,216086
13110,286468,134972,151496
13111,759409,377559,381850
13112,956608,450508,506100
13113,239119,114704,124415
13114,355333,177783,177550
13115,597566,287911,309655
13116,306106,153069,153037
13117,368290,183240,185050
13118,226482,111556,114926
13119,595000,289631,305369
13120,761587,364342,397245
13121,702718,349870,352848
13122,467614,231724,235890
13123,705063,353281,351782
13201,574087,287920,286167
13202,189141,92553,96588
13203,150700,72234,78466
13204,194959,93530,101429
13205,129492,64739,64753
13206,263172,131035,132137
13207,116665,57976,58689
13208,245536,118319,127217
13209,420962,203834,217128
13210,128991,63073,65918
13211,198491,96402,102089
13212,190383,94562,95821
13213,152162,73855,78307
13214,128224,62514,65710
13215,76587,37168,39419
13218,57166,28487,28679
13219,84141,40753,43388
13220,83051,40313,42738
13221,74730,35615,39115
13222,115428,55325,60103
13223,69076,34219,34857
13224,141236,68595,72641
13225,95171,47523,47648
13227,53476,26991,26485
13228,77236,38113,39123
13229,207589,100683,106906
13303,31161,15783,15378
13305,16064,7851,8213
13307,1761,877,884
13308,4170,2125,2045
13361,6302,3273,3029
13362,304,171,133
13363,2168,1074,1094
13364,1651,846,805
13381,1980,1097,883
13382,291,168,123
13401,6476,3258,3218
13402,168,103,65
13421,2711,1690,1021
14000,9193657,4550704,4642953
14100,3754840,1849234,1905606
14101,296717,152704,144013
14102,252480,128059,124421
14103,108115,54285,53830
14104,154665,79113,75552
14105,198249,98523,99726
14106,203604,100006,103598
14107,163675,80529,83146
14108,192249,93279,98970
14109,363645,180870,182775
14110,280969,136394,144575
14111,209622,101472,108150
14112,239616,115198,124418
14113,180957,88523,92434
14114,120408,58105,62303
14115,119144,57574,61570
14116,149491,72110,77381
14117,307249,148198,159051
14118,213985,104292,109693
14130,1561132,784768,776364
14131,233568,125864,107704
14132,175868,88703,87165
14133,269779,135988,133791
14134,237369,117428,119941
14135,229061,116396,112665
14136,235591,113801,121790
14137,179896,86588,93308
14150,712105,354254,357851
14151,165346,82838,82508
14152,268582,134436,134146
14153,278177,136980,141197
14201,364978,180871,184107
14203,257974,128317,129657
14204,169870,79423,90447
14205,443894,218633,225261
14206,184934,89320,95614
14207,244603,118467,126136
14208,55263,25787,29476
14210,38657,18536,20121
14211,161910,81795,80115
14212,222897,114745,108152
14213,246263,122190,124073
14214,100457,50658,49799
14215,141660,70872,70788
14216,131897,65461,66436
14217,39101,19094,20007
14218,82952,41801,41151
14301,30045,14007,16038
14321,48066,24312,23754
14341,30484,14815,15669
14342,26449,12621,13828
14361,8693,4296,4397
14362,17185,8465,8720
14363,10058,4989,5069
14364,8844,4365,4479
14366,18597,8952,9645
14382,10274,4878,5396
14383,5971,2736,3235
14384,21671,10099,11572
14401,39114,20505,18609
14402,2819,1438,1381
15000,2068476,1006135,1062341
15100,759618,365387,394231
15101,70218,34166,36052
15102,127698,61122,66576
15103,177404,84499,92905
15104,66863,32437,34426
15105,71594,34328,37266
15106,41187,19968,21219
15107,154243,74677,79566
15108,50411,24190,26221
15202,251272,123513,127759
15204,88461,42831,45630
15205,74755,37586,37169
15206,89623,43467,46156
15208,31424,15449,15975
15209,22981,11173,11808
15210,44541,21814,22727
15211,36692,17845,18847
15212,51480,24789,26691
15213,73726,36073,37653
15216,36531,18002,18529
15217,27934,13586,14348
15218,43518,20990,22528
15222,176644,86571,90073
15223,37547,18145,19402
15224,45404,22057,23347
15225,31047,15225,15822
15226,51198,25102,26096
15227,26244,12955,13289
15307,14076,7072,7004
15342,7121,3422,3699
15361,10297,4920,5377
15385,8329,4044,4285
15405,3601,1755,1846
15461,7508,3907,3601
15482,7974,3880,4094
15504,4314,2340,1974
15581,4315,2073,2242
15586,301,162,139
16000,985675,480516,505159
16201,402133,197015,205118
16202,158563,76647,81916
16204,37501,18353,19148
16205,39149,18722,20427
16206,31331,15390,15941
16207,37632,18563,19069
16208,45823,22280,23543
16209,26691,13018,13673
16210,43945,21276,22669
16211,87701,43077,44624
16321,3277,1595,1682
16322,17711,8497,9214
16323,23234,11246,11988
16342,21396,10316,11080
16343,9588,4521,5067
17000,1088221,529800,558421
17201,454071,219718,234353
17202,44249,21342,22907
17203,103597,51041,52556
17204,18072,9123,8949
17205,8528,4270,4258
17206,58691,27777,30914
17207,18854,8983,9871
17209,36009,17480,18529
17210,109063,52916,56147
17211,48473,24083,24390
17212,58594,29921,28673
17324,5873,2913,2960
17361,37264,18257,19007
17365,25384,12206,13178
17384,15914,7727,8187
17386,11073,5263,5810
17407,15253,7449,7804
17461,6532,3124,3408
17463,12727,6207,6520
18000,729386,355517,373869
18201,252068,122722,129346
18202,60569,29650,30919
18204,26542,13100,13442
18205,27765,13238,14527
18206,20187,9604,10583
18207,67223,32848,34375
18208,25747,12223,13524
18209,79324,39133,40191
18210,84792,41014,43778
18322,17992,8749,9243
18382,2285,1255,1030
18404,8949,4293,4656
18423,18550,8986,9564
18442,8284,4175,4109
18481,9136,4729,4407
18483,7274,3635,3639
18501,12699,6163,6536
19000,779912,382881,397031
19201,183630,90111,93519
19202,43647,21067,22580
19204,30310,14533,15777
19205,31295,14950,16345
19206,20045,9794,10251
19207,27782,13907,13875
19208,69250,34215,35035
19209,41826,20382,21444
19210,75545,37298,38247
19211,64272,31280,32992
19212,20873,10470,10403
19213,26992,12965,14027
19214,30118,15025,15093
19346,13367,6496,6871
19364,928,547,381
19365,8921,4424,4497
19366,6329,3162,3167
19368,13186,6383,6803
19384,21799,10841,10958
19422,1443,711,732
19423,3608,1741,1867
19424,9156,5030,4126
19425,5216,2577,2639
19429,2761,1367,1394
19430,26497,13024,13473
19442,603,312,291
19443,513,269,244
20000,1954950,955707,999243
20201,357112,173632,183480
20202,232347,113459,118888
20203,144350,70506,73844
20204,44535,21637,22898
20205,90652,44061,46591
20206,46402,22594,23808
20207,47799,23391,24408
20208,40217,19550,20667
20209,63597,31155,32442
20210,30890,15180,15710
20211,40248,19547,20701
20212,23950,11658,12292
20213,17700,8596,9104
20214,54467,27326,27141
20215,65496,32812,32684
20217,97070,47648,49422
20218,57161,27563,29598
20219,28582,14215,14367
20220,91861,44240,47621
20303,4056,2006,2050
20304,4191,2659,1532
20305,3342,1960,1382
20306,868,444,424
20307,615,318,297
20309,9577,4674,4903
20321,18465,8684,9781
20323,16555,8206,8349
20324,6219,3096,3123
20349,3781,1843,1938
20350,5143,2561,2582
20361,17636,8423,9213
20362,13370,6538,6832
20363,7793,3764,4029
20382,17048,8260,8788
20383,23858,11975,11883
20384,8498,4160,4338
20385,16000,7954,8046
20386,4354,2069,2285
20388,8097,3967,4130
20402,11833,5766,6067
20403,12146,5863,6283
20404,3674,1755,1919
20407,5720,2764,2956
20409,353,177,176
20410,785,394,391
20411,3138,1503,1635
20412,452,219,233
20413,965,464,501
20414,1377,648,729
20415,5518,2712,2806
20416,6214,3110,3104
20417,945,541,404
20422,3653,1794,1859
20423,3541,1752,1789
20425,2351,1083,1268
20429,586,284,302
20430,2983,1467,1516
20432,9528,4612,4916
20446,2315,1112,1203
20448,1497,756,741
20450,8111,3963,4148
20451,4050,1993,2057
20452,3746,1850,1896
20481,8622,4179,4443
20482,9431,4512,4919
20485,8391,4191,4200
20486,2420,1267,1153
20521,12902,6414,6488
20541,10474,4992,5482
20543,6169,3028,3141
20561,10290,5029,5261
20562,3912,1903,2009
20563,2913,1407,1506
20583,6898,3411,3487
20588,2010,996,1014
20590,9668,4779,4889
20602,1467,686,781
21000,1891489,918536,972953
21201,389011,185448,203563
21202,154474,75023,79451
21203,79355,37906,41449
21204,101795,48879,52916
21205,80844,39468,41376
21206,71055,34833,36222
21207,17590,8554,9036
21208,35064,17156,17908
21209,64464,31634,32830
21210,43844,21330,22514
21211,56872,28194,28678
21212,51044,24806,26238
21213,141226,69634,71592
21214,97210,47825,49385
21215,23348,11268,12080
21216,56671,28070,28601
21217,20481,9863,10618
21218,31785,15414,16371
21219,35540,17450,18090
21220,27350,12975,14375
21221,29903,14740,15163
21302,26128,12810,13318
21303,21833,10432,11401
21341,24371,11976,12395
21361,24949,12240,12709
21362,5776,2805,2971
21381,17590,8631,8959
21382,8918,4470,4448
21383,13892,6829,7063
21401,17295,8380,8915
21403,20549,10078,10471
21404,21561,10527,11034
21421,18239,8694,9545
21501,8114,4181,3933
21502,5795,2812,2983
21503,9239,4537,4702
21504,2873,1368,1505
21505,9241,4419,4822
21506,6408,3007,3401
21507,1809,840,969
21521,16503,8269,8234
21604,1480,761,719
22000,3468845,1707440,1761405
22100,659620,320015,339605
22101,238244,114321,123923
22102,205146,100630,104516
22103,216230,105064,111166
22130,765750,379632,386118
22138,591381,293632,297749
22139,150707,74473,76234
22140,23662,11527,12135
22203,179438,88233,91205
22205,31433,14236,17197
22206,103085,50040,53045
22207,119185,59076,60109
22208,61192,28665,32527
22209,91266,44502,46764
22210,237793,117407,120386
22211,160548,80814,79734
22212,130935,64034,66901
22213,111662,56086,55576
22214,134513,65216,69297
22215,81142,41225,39917
22216,86597,43634,42963
22219,17924,8624,9300
22220,47341,23635,23706
22221,55211,28574,26637
22222,25746,12225,13521
22223,28464,14489,13975
22224,45535,22908,22627
22225,44154,21266,22888
22226,40343,19872,20471
22301,10225,4815,5410
22302,6140,3013,3127
22304,7005,3333,3672
22305,5231,2461,2770
22306,6086,2897,3189
22325,34768,16786,17982
22341,31094,15052,16042
22342,43257,21306,21951
22344,17146,9003,8143
22424,27753,13752,14001
22429,5318,2643,2675
22461,15945,7971,7974
23000,7449403,3710417,3738986
23100,2345892,1151603,1194289
23101,172815,83843,88972
23102,90599,43230,47369
23103,160198,78256,81942
23104,153147,75440,77707
23105,145841,73642,72199
23106,107614,54079,53535
23107,109184,53538,55646
23108,109381,52459,56922
23109,68005,33952,34053
23110,216302,106852,109450
23111,132755,66278,66477
23112,132308,66945,65363
23113,176201,85562,90639
23114,247294,120866,126428
23115,161962,77384,84578
23116,162286,79277,83009
23201,360031,180044,179987
23202,377608,190014,187594
23203,368755,178698,190057
23204,123514,60559,62955
23205,113533,57323,56210
23206,303120,149123,153997
23207,182525,90645,91880
23208,57868,28092,29776
23209,71349,36741,34608
23210,152807,79305,73502
23211,412230,216100,196130
23212,186353,94814,91539
23213,166200,83926,82274
23214,74931,36988,37943
23215,69940,34687,35253
23216,57832,28433,29399
23217,94137,45938,48199
23219,144181,72775,71406
23220,129885,63758,66127
23221,40664,20240,20424
23222,112487,58056,54431
23223,92485,46713,45772
23224,82095,40866,41229
23225,72568,38228,34340
23226,82469,40073,42396
23227,48122,25118,23004
23228,47386,23483,23903
23229,68382,34490,33892
23230,94740,46818,47922
23231,56352,29342,27010
23232,57808,28056,29752
23233,68178,34391,33787
23234,85687,42319,43368
23235,42235,21108,21127
23236,61452,31514,29938
23237,86552,42866,43686
23238,63385,30907,32478
23302,43891,21855,22036
23342,15775,8034,7741
23361,23501,11751,11750
23362,34136,16851,17285
23424,32450,16272,16178
23425,36471,18076,18395
23427,4410,2191,2219
23441,27377,13446,13931
23442,48958,24275,24683
23445,14452,6999,7453
23446,20504,10182,10322
23447,42921,21657,21264
23501,41591,21048,20543
23561,3929,2016,1913
23562,2464,1202,1262
23563,835,408,427
24000,1694896,828118,866778
24201,263923,128648,135275
24202,303909,151643,152266
24203,115468,54663,60805
24204,150688,71962,78726
24205,133931,66001,67930
24207,189871,94374,95497
24208,72036,34590,37446
24209,14134,6548,7586
24210,49168,24898,24270
24211,15129,7124,8005
24212,13988,6482,7506
24214,44095,22789,21306
24215,40524,18683,21841
24216,81871,40013,41858
24303,5714,2940,2774
24324,25365,12363,13002
24341,39296,19384,19912
24343,11063,5445,5618
24344,15794,8067,7727
24441,12908,6161,6747
24442,21445,10155,11290
24443,7794,3706,4088
24461,14371,6877,7494
24470,7221,3478,3743
24471,6560,3065,3495
24472,9220,4272,4948
24543,12468,5882,6586
24561,7302,3437,3865
24562,9640,4468,5172
25000,1392439,686048,706391
25201,343051,164824,178227
25202,111647,55489,56158
25203,108085,52652,55433
25204,79393,38801,40592
25206,148731,74787,73944
25207,84539,41390,43149
25208,69129,34209,34920
25209,84982,42483,42499
25210,50013,24865,25148
25211,53614,27849,25765
25212,43130,21071,22059
25213,109923,54908,55015
25214,35339,17251,18088
25383,20010,10146,9864
25384,10935,5678,5257
25425,20415,10202,10213
25441,6800,3303,3497
25442,5715,2766,2949
25443,6988,3374,3614
26000,2502747,1191004,1311743
26100,1431713,674417,757296
26101,114349,54133,60216
26102,83091,38147,44944
26103,162387,77800,84587
26104,111400,50709,60691
26105,35193,15464,19729
26106,84519,38768,45751
26107,102742,51048,51694
26108,196376,91422,104954
26109,270182,129465,140717
26110,128356,59647,68709
26111,143118,67814,75304
26201,73549,36793,36756
26202,73091,36178,36913
26203,29885,14337,15548
26204,173036,82462,90574
26205,15086,7119,7967
26206,83245,40015,43230
26207,71769,34365,37404
26208,55262,26236,29026
26209,81611,39267,42344
26210,67613,32711,34902
26211,74345,36210,38135
26212,46712,22361,24351
26213,30051,14642,15409
26214,77972,37120,40852
26303,15960,7631,8329
26322,14683,7186,7497
26343,7025,3455,3570
26344,8453,4358,4095
26364,953,445,508
26365,2977,1379,1598
26366,34537,16465,18072
26367,2141,1010,1131
26407,11350,5405,5945
26463,1691,837,854
26465,18037,8600,9437
27000,8764578,4179849,4584729
27100,2808624,1347197,1461427
27102,110124,52774,57350
27103,84223,40006,44217
27104,62323,30036,32287
27106,115449,54195,61254
27107,80734,39038,41696
27108,60125,29180,30945
27109,87782,40475,47307
27111,87409,43766,43643
27113,97178,47261,49917
27114,178007,87238,90769
27115,89429,41713,47716
27116,128673,61377,67296
27117,90745,43201,47544
27118,169504,80194,89310
27119,112456,51734,60722
27120,150459,69605,80854
27121,131606,61652,69954
27122,105419,58158,47261
27123,190163,94421,95742
27124,109900,51816,58084
27125,115287,55184,60103
27126,182659,85621,97038
27127,149620,72617,77003
27128,119350,55935,63415
27140,803333,380946,422387
27141,150091,74002,76089
27142,115765,55017,60748
27143,83986,39775,44211
27144,131938,62718,69220
27145,127881,58668,69213
27146,157733,73483,84250
27147,35939,17283,18656
27202,185734,87634,98100
27203,404479,190802,213677
27204,104148,49124,55024
27205,394503,187994,206509
27206,71688,33721,37967
27207,345475,163715,181760
27208,78774,37492,41282
27209,140791,67938,72853
27210,388992,182471,206521
27211,287098,137320,149778
27212,257600,121531,136069
27213,100329,48029,52300
27214,103296,48150,55146
27215,222102,106421,115681
27216,94871,44008,50863
27217,114815,54831,59984
27218,113642,55034,58608
27219,181715,87156,94559
27220,140586,66604,73982
27221,65690,31400,34290
27222,104183,48870,55313
27223,111702,54312,57390
27224,86462,42400,44062
27225,53524,25204,28320
27226,61129,28709,32420
27227,482618,233945,248673
27228,56136,26628,29508
27229,53455,25755,27700
27230,75573,35848,39725
27231,57479,26809,30670
27232,47657,22474,25183
27301,31617,14802,16815
27321,16707,7905,8802
27322,7893,3775,4118
27341,15640,7506,8134
27361,42511,20404,22107
27362,8109,4034,4075
27366,13065,6041,7024
27381,12062,5857,6205
27382,14498,7056,7442
27383,4273,1997,2276
28000,5323825,2524791,2799034
28100,1497630,702118,795512
28101,211921,98472,113449
28102,137283,63731,73552
28105,111844,54107,57737
28106,93096,43877,49219
28107,152654,70255,82399
28108,206825,95320,111505
28109,203615,96015,107600
28110,152124,70496,81628
28111,228268,109845,118423
28201,518311,250792,267519
28202,457162,218672,238490
28203,307043,147926,159117
28204,482834,223337,259497
28205,38620,18485,20135
28206,91703,40672,51031
28207,195152,93043,102109
28208,26034,12570,13464
28209,71833,34406,37427
28210,253220,123125,130095
28212,42714,20523,22191
28213,35799,17187,18612
28214,217163,98984,118179
28215,71248,34171,37077
28216,83381,40316,43065
28217,149698,70083,79615
28218,46169,22501,23668
28219,105124,50397,54727
28220,40274,19834,20440
28221,37037,17707,19330
28222,19757,9470,10287
28223,57580,27716,29864
28224,41107,19641,21466
28225,26515,12707,13808
28226,39472,18719,20753
28227,31269,14928,16341
28228,39500,19674,19826
28229,69664,33797,35867
28301,27435,12840,14595
28365,17346,8384,8962
28381,29387,14274,15113
28382,33250,16175,17075
28442,9916,4824,5092
28443,18329,8949,9380
28446,9484,4460,5024
28464,32612,15929,16683
28481,12820,6238,6582
28501,14141,6806,7335
28585,14031,6632,7399
28586,12061,5779,6282
29000,1269180,595302,673878
29201,338416,155675,182741
29202,59522,27760,31762
29203,81020,38016,43004
29204,59584,29136,30448
29205,117697,55470,62227
29206,52437,24601,27836
29207,25276,11997,13279
29208,21543,9944,11599
29209,114767,54091,60676
29210,77442,36520,40922
29211,36841,17524,19317
29212,25233,11939,13294
29322,2827,1378,1449
29342,17355,8117,9238
29343,22314,10518,11796
29344,27005,12736,14269
29345,6786,3205,3581
29361,7610,3693,3917
29362,6049,2897,3152
29363,30556,14524,16032
29385,1147,517,630
29386,1226,575,651
29401,6038,2805,3233
29402,4799,2279,2520
29424,20909,9679,11230
29425,23422,11105,12317
29426,33478,15902,17576
29427,15705,7326,8379
29441,5245,2409,2836
29442,15073,7154,7919
29443,4108,1922,2186
29444,515,249,266
29446,1025,501,524
29447,290,152,138
29449,2593,1378,1215
29450,701,360,341
29451,375,200,175
29452,970,450,520
29453,1281,598,683
30000,864262,407117,457145
30201,341947,161049,180898
30202,43905,20325,23580
30203,56820,26822,29998
30204,23034,10868,12166
30205,21015,10122,10893
30206,64316,30024,34292
30207,24342,11321,13021
30208,55851,26382,29469
30209,53479,25585,27894
30304,7235,3340,3895
30341,14572,6807,7765
30343,3444,1550,1894
30344,2589,1325,1264
30361,10032,4642,5390
30362,6095,2880,3215
30366,23819,11230,12589
30381,6040,2810,3230
30382,7676,3641,4035
30383,4636,2309,2327
30390,6927,3270,3657
30391,10698,5089,5609
30392,8355,4010,4345
30401,18448,8580,9868
30404,15091,7157,7934
30406,3210,1537,1673
30421,12724,5937,6787
30422,2687,1206,1481
30424,2167,1005,1162
30427,356,166,190
30428,12752,6128,6624
31000,523732,250541,273191
31201,179366,87061,92305
31202,143246,67915,75331
31203,43251,20395,22856
31204,31059,14818,16241
31302,10113,4846,5267
31325,2337,1109,1228
31328,5655,2615,3040
31329,14502,6935,7567
31364,5346,2590,2756
31370,15430,7376,8054
31371,14771,6982,7789
31372,13474,6476,6998
31384,3490,1642,1848
31386,13936,6630,7306
31389,9549,4549,5000
31390,9761,4650,5111
31401,3588,1721,1867
31402,2494,1137,1357
31403,2364,1094,1270
32000,629460,304148,325312
32201,193586,93685,99901
32202,48876,24021,24855
32203,169539,82000,87539
32204,41489,19706,21783
32205,29815,14373,15442
32206,33567,16094,17473
32207,20420,9670,10750
32209,32730,15803,16927
32343,10351,4965,5386
32386,4127,1968,2159
32441,2953,1405,1548
32448,3771,1839,1932
32449,9135,4409,4726
32501,6100,2871,3229
32505,5301,2581,2720
32525,2347,1126,1221
32526,2401,1209,1192
32527,575,300,275
32528,12377,6123,6254
33000,1808664,868734,939930
33100,707916,340150,367766
33101,311192,151790,159402
33102,145326,68253,77073
33103,88651,42000,46651
33104,162747,78107,84640
33202,462135,221819,240316
33203,92611,44469,48142
33204,51975,25128,26847
33205,41404,19664,21740
33207,35338,16836,18502
33208,68722,33191,35531
33209,25600,12516,13084
33210,24900,11833,13067
33211,28619,13732,14887
33212,34668,16686,17982
33213,40948,19546,21402
33214,38482,18495,19987
33215,23181,11150,12031
33216,30298,14568,15730
33346,12336,5898,6438
33423,12581,6030,6551
33445,10435,5012,5423
33461,12356,5947,6409
33586,711,350,361
33606,11131,5391,5740
33622,10388,4970,5418
33623,5100,2485,2615
33643,1245,599,646
33663,4042,1910,2132
33666,11629,5572,6057
33681,9913,4787,5126
34000,2683399,1301136,1382263
34100,1172423,564288,608135
34101,144267,68037,76230
34102,115348,55013,60335
34103,143636,70099,73537
34104,184911,89019,95892
34105,243794,118092,125702
34106,130297,61543,68754
34107,72391,35798,36593
34108,137779,66687,71092
34202,191653,92891,98762
34203,21756,10374,11382
34204,83913,40263,43650
34205,120346,58711,61635
34207,439994,213821,226173
34208,33347,16035,17312
34209,46587,22475,24112
34210,29598,14151,15447
34211,24652,12015,12637
34212,198496,100950,97546
34213,111953,53418,58535
34214,24755,11854,12901
34215,19744,9999,9745
34302,51213,24907,26306
34304,30048,14797,15251
34307,22445,10773,11672
34309,12030,5726,6304
34368,5051,2381,2670
34369,15934,7942,7992
34431,6574,3424,3150
34462,13621,6459,7162
34545,7266,3482,3784
35000,1264006,601651,662355
35201,237892,110854,127038
35202,152811,72967,79844
35203,190438,91227,99211
35204,39786,18374,21412
35206,109723,53278,56445
35207,55052,27028,28024
35208,119618,56597,63021
35210,46329,22067,24262
35211,28832,13316,15516
35212,28533,13357,15176
35213,20145,9444,10701
35215,131201,63976,67225
35216,56571,26939,29632
35305,12854,5987,6867
35321,5437,2651,2786
35341,1893,908,985
35343,13395,6422,6973
35344,10791,5030,5761
35502,2705,1229,1476
36000,675489,323052,352437
36201,241075,114645,126430
36202,51050,24238,26812
36203,33993,16544,17449
36204,64601,31448,33153
36205,35556,16740,18816
36206,31561,15040,16521
36207,25519,12269,13250
36208,20549,9852,10697
36301,4260,2013,2247
36302,1193,557,636
36321,1866,903,963
36341,23646,11189,12457
36342,4175,2000,2175
36368,6272,3017,3255
36383,3142,1446,1696
36387,5429,2563,2866
36388,7390,3487,3903
36401,14093,7012,7081
36402,22905,11069,11836
36403,34962,16760,18202
36404,12424,5974,6450
36405,10530,5036,5494
36468,6572,3133,3439
36489,12726,6117,6609
37000,907725,439187,468538
37201,407208,196887,210321
37202,106801,51884,54917
37203,47762,23012,24750
37204,29704,14832,14872
37205,54423,26163,28260
37206,42556,20378,22178
37207,25346,11996,13350
37208,56371,27000,29371
37322,11422,5416,6006
37324,12539,5967,6572
37341,25790,12358,13432
37364,2932,1567,1365
37386,18583,9096,9487
37387,21416,10405,11011
37403,7631,3553,4078
37404,21201,10931,10270
37406,16040,7742,8298
38000,1260088,599327,660761
38201,497041,233796,263245
38202,141735,67552,74183
38203,62715,29485,33230
38204,28473,13377,15096
38205,108640,52566,56074
38206,98665,47905,50760
38207,37365,18045,19320
38210,33460,15685,17775
38213,77151,37890,39261
38214,31551,14998,16553
38215,32781,15750,17031
38356,5808,3073,2735
38386,6301,3043,3258
38401,29004,13586,15418
38402,19597,9053,10544
38422,13724,6559,7165
38442,7077,3419,3658
38484,3312,1550,1762
38488,8638,3992,4646
38506,17050,8003,9047
39000,643437,304171,339266
39201,309383,144497,164886
39202,9650,4575,5075
39203,14625,6929,7696
39204,45413,21589,23824
39205,23839,11548,12291
39206,18310,9023,9287
39208,17239,8110,9129
39209,10388,4882,5506
39210,30502,14355,16147
39211,31293,15094,16199
39212,24423,11959,12464
39301,1849,927,922
39302,2724,1264,1460
39303,2263,1062,1201
39304,2022,990,1032
39305,1090,550,540
39306,649,311,338
39307,3553,1681,1872
39341,3022,1451,1571
39344,2761,1311,1450
39363,3430,1695,1735
39364,339,174,165
39386,19690,9341,10349
39387,4015,1962,2053
39401,5307,2462,2845
39402,11256,5261,5995
39403,4430,2053,2377
39405,2909,1403,1506
39410,4414,2065,2349
39411,4676,2219,2457
39412,13855,6644,7211
39424,3899,1899,2000
39427,1274,614,660
39428,8945,4271,4674
40000,5081879,2407363,2674516
40100,904289,427673,476616
40101,87349,40220,47129
40103,76576,36731,39845
40105,54060,26212,27848
40106,180182,84415,95767
40107,202764,96603,106161
40108,60908,28833,32075
40109,242450,114659,127791
40130,1663892,784735,879157
40131,339735,164479,175256
40132,264220,126412,137808
40133,216368,98031,118337
40134,270741,125139,145602
40135,213621,102034,111587
40136,134096,62983,71113
40137,225111,105657,119454
40202,101941,47231,54710
40203,296827,141010,155817
40204,53568,25213,28355
40205,122329,58610,63719
40206,44222,20102,24120
40207,60569,28672,31897
40210,57350,27158,30192
40211,47722,22896,24826
40212,29718,13818,15900
40213,70037,33872,36165
40214,22267,10368,11899
40215,38496,18070,20426
40216,58652,27640,31012
40217,105919,50479,55440
40218,109026,51810,57216
40219,103496,49417,54079
40220,97045,46081,50964
40221,72823,34664,38159
40223,58350,27770,30580
40224,69064,32368,36696
40225,25966,12207,13759
40226,24109,11441,12668
40227,31909,14754,17155
40228,47469,22423,25046
40229,33029,15380,17649
40230,100674,47978,52696
40231,47773,22815,24958
40341,37239,18641,18598
40342,31113,14955,16158
40343,45407,21795,23612
40344,29070,13981,15089
40345,32195,15513,16682
40348,9267,4400,4867
40349,48506,23966,24540
40381,12303,5900,6403
40382,27654,12956,14698
40383,30583,14288,16295
40384,18396,8635,9761
40401,6533,3128,3405
40402,14022,6598,7424
40421,12205,5746,6459
40447,30842,14735,16107
40448,1618,746,872
40503,15800,7554,8246
40522,13172,6253,6919
40544,19264,9272,9992
40601,9355,4364,4991
40602,7616,3586,4030
40604,7566,3501,4065
40605,13470,6177,7293
40608,4766,2140,2626
40609,2495,1159,1336
40610,19878,9326,10552
40621,37975,19949,18026
40625,16750,7923,8827
40642,6257,3007,3250
40646,6661,3154,3507
40647,15370,7360,8010
41000,781214,371728,409486
41201,227754,108137,119617
41202,110211,51786,58425
41203,74482,35799,38683
41204,16825,7891,8934
41205,49756,24318,25438
41206,45721,21735,23986
41207,26166,12318,13848
41208,43126,20584,22542
41209,24327,11339,12988
41210,29387,14148,15239
41327,16290,8022,8268
41341,17284,8207,9077
41345,9358,4455,4903
41346,25499,12225,13274
41387,4614,2401,2213
41401,17732,8247,9485
41423,5741,2656,3085
41424,9505,4493,5012
41425,20285,9533,10752
41441,7151,3434,3717
42000,1232190,581631,650559
42201,381738,176328,205410
42202,226189,107054,119135
42203,40445,18803,21642
42204,130267,62453,67814
42205,97512,46704,50808
42207,26412,12525,13887
42208,19325,9265,10060
42209,25316,12593,12723
42210,22363,10721,11642
42211,31456,14893,16563
42212,23482,11850,11632
42213,38226,18241,19985
42214,37344,17387,19957
42307,38734,18183,20551
42308,28966,13972,14994
42321,7125,3406,3719
42322,12325,5781,6544
42323,13713,6518,7195
42383,2018,947,1071
42391,13710,6534,7176
42411,15524,7473,8051
43000,1678090,796653,881437
43100,730854,345407,385447
43101,185413,87540,97873
43102,189030,89662,99368
43103,89598,41912,47686
43104,131743,62138,69605
43105,135070,64155,70915
43202,115453,53508,61945
43203,28803,13431,15372
43204,47347,22243,25104
43205,20806,9638,11168
43206,60562,28858,31704
43208,45561,21472,24089
43210,44764,21360,23404
43211,34526,16568,17958
43212,21404,10121,11283
43213,54556,25982,28574
43214,22959,10804,12155
43215,68105,32148,35957
43216,64344,31130,33214
43348,8035,3788,4247
43364,4862,2327,2535
43367,8045,3900,4145
43368,14531,7378,7153
43369,8477,4041,4436
43403,36941,18776,18165
43404,44548,22070,22478
43423,3444,1635,1809
43424,5880,2796,3084
43425,1195,626,569
43428,5367,2574,2793
43432,6852,3368,3484
43433,9172,4447,4725
43441,16574,7931,8643
43442,10104,4886,5218
43443,33542,16041,17501
43444,9450,4485,4965
43447,11670,5603,6067
43468,9984,4572,5412
43482,13880,6554,7326
43484,3827,1815,2012
43501,9617,4568,5049
43505,7876,3679,4197
43506,3254,1539,1715
43507,1782,836,946
43510,3774,1782,1992
43511,810,406,404
43512,2922,1355,1567
43513,2266,1101,1165
43514,13201,6155,7046
43531,6164,2949,3215
44000,1076875,513847,563028
44201,470172,226415,243757
44202,112267,51189,61078
44203,80169,39547,40622
44204,57943,27517,30426
44205,60692,28337,32355
44206,32729,15412,17317
44207,14057,6646,7411
44208,17696,8319,9377
44209,21277,10126,11151
44210,25281,12297,12984
44211,49040,23348,25692
44212,30504,14347,16157
44213,32612,15567,17045
44214,23676,11443,12233
44322,1503,709,794
44341,26954,12867,14087
44461,7463,3541,3922
44462,12840,6220,6620
45000,1018904,481252,537652
45201,389799,183842,205957
45202,160340,75381,84959
45203,109589,52007,57582
45204,45895,21626,24269
45205,40132,18746,21386
45206,56066,26602,29464
45207,14781,6930,7851
45208,26586,12497,14089
45209,15607,7417,8190
45341,24978,11639,13339
45361,7703,3650,4053
45382,17547,8216,9331
45383,6491,3074,3417
45401,18680,8995,9685
45402,15792,7743,8049
45403,893,452,441
45404,4465,2054,2411
45405,14015,6624,7391
45406,9353,4425,4928
45421,16158,7615,8543
45429,1257,633,624
45430,2179,1121,1058
45431,4091,1972,2119
45441,10375,5011,5364
45442,3118,1500,1618
45443,3014,1480,1534
46000,1512969,715952,797017
46201,580970,270610,310360
46203,96073,45950,50123
46204,17948,8248,9700
46206,17289,8142,9147
46208,49506,23316,26190
46210,35839,16701,19138
46213,14186,7277,6909
46214,12251,5730,6521
46215,87673,42696,44977
46216,45021,21229,23792
46217,29861,13949,15912
46218,120429,58159,62270
46219,25422,11985,13437
46220,30087,14062,16025
46221,27122,12961,14161
46222,38416,18364,20052
46223,29901,14129,15772
46224,21397,9967,11430
46225,76919,35994,40925
46303,363,185,178
46304,641,360,281
46392,17580,8212,9368
46404,8648,4206,4442
46452,8297,4069,4228
46468,11188,5327,5861
46482,5890,2787,3103
46490,5753,2737,3016
46491,5352,2618,2734
46492,12783,6283,6500
46501,6843,3407,3436
46502,4968,2520,2448
46505,10707,5293,5414
46523,1290,672,618
46524,1550,771,779
46525,7652,3822,3830
46527,5683,2710,2973
46529,5997,2938,3059
46530,9288,4531,4757
46531,5199,2628,2571
46532,5407,2680,2727
46533,5635,2807,2828
46534,5120,2571,2549
46535,4825,2349,2476
47000,1468220,722447,745773
47201,311073,150544,160529
47205,100158,48809,51349
47207,47735,24160,23575
47208,115716,55860,59856
47209,66084,32897,33187
47210,60664,30608,30056
47211,141894,69027,72867
47212,65669,31861,33808
47213,128437,64475,63962
47214,52012,26122,25890
47215,45350,22742,22608
47301,4131,2147,1984
47302,2842,1504,1338
47303,1512,838,674
47306,8761,4424,4337
47308,11825,5996,5829
47311,11215,5752,5463
47313,6319,3169,3150
47314,11152,5597,5555
47315,3727,1914,1813
47324,41532,20283,21249
47325,13229,6401,6828
47326,28436,13414,15022
47327,18052,8664,9388
47328,22910,11364,11546
47329,35280,17803,17477
47348,19267,9339,9928
47350,41513,20231,21282
47353,621,346,275
47354,830,445,385
47355,612,350,262
47356,234,139,95
47357,1172,688,484
47358,560,352,208
47359,1050,572,478
47360,1130,639,491
47361,6417,3457,2960
47362,32688,16056,16632
47375,938,522,416
47381,3963,2055,1908
47382,1510,881,629
